name,calories,protein,vitamins,rating
3,All-Bran with Extra Fiber,50,4,25,93.704912
0,100% Bran,70,4,25,68.402973
4,Almond Delight,110,2,25,34.384843
6,Trix,110,1,25,27.753301
1,100% Natural Bran,120,3,0,33.983678999999995
